{"acc": 0.8689610362052917, "D_real": 0.028864245861768723, "GAN_Feat": 0.2618231475353241, "_runtime": 43719, "learning_rate_G": 0.0002, "GAN": 3.8682403564453125, "viz": {"_type": "image-file", "path": "media/images/viz_67_7a2337db1897017a8c4b.png", "sha256": "7a2337db1897017a8c4b4289b627855a24a9c331c112c5e0cda176c3e31b6604", "size": 138608, "format": "png", "width": 1200, "height": 600}, "_step": 68, "D_Fake": 0.012940817512571812, "_timestamp": 1658899368}