{"viz": {"format": "png", "height": 600, "sha256": "5bc35ab3de19aee2496f74419293a608c92a5019b2844f86b5a1164467035cca", "path": "media/images/viz_48_5bc35ab3de19aee2496f.png", "size": 132590, "_type": "image-file", "width": 1200}, "_step": 49, "_runtime": 2209, "learning_rate_G": 0, "GAN": 0.7224912643432617, "acc": "NaN", "D_Fake": 0.4627963602542877, "D_real": 0.37360844016075134, "GAN_Feat": 0.28554031252861023, "_timestamp": 1658423517}