{"GAN": 12.148508071899414, "GAN_Feat": 0.4882473051548004, "D_Fake": 0.0, "D_real": 0.0, "acc": NaN, "viz": {"_type": "image-file", "path": "media/images/viz_45_72ed167538daf3ffbff8.png", "sha256": "72ed167538daf3ffbff895a4b9777d8acc93c29a6d35706f78bbdb49cef76711", "size": 132023, "format": "png", "width": 1200, "height": 600}, "learning_rate_G": 0.0002, "_timestamp": 1658569606, "_runtime": 21086, "_step": 46}