{"learning_rate_G": 0.0002, "acc": 0.8414894342422485, "viz": {"_type": "image-file", "path": "media/images/viz_70_7d7ea247a5247cd8039b.png", "sha256": "7d7ea247a5247cd8039bdb13f68c9d6b7ebe108f32d8fd19700122aa6ac654e4", "size": 140344, "format": "png", "width": 1200, "height": 600}, "D_real": 0.021466635167598724, "GAN_Feat": 0.30559346079826355, "_runtime": 45461, "GAN": 8.383272171020508, "_step": 71, "D_Fake": 0.0, "_timestamp": 1658902004}