{"D_Fake": 0.7307651042938232, "GAN_Feat": 0.31602615118026733, "_runtime": 19044, "GAN": 5.451660633087158, "acc": 0.8240957260131836, "viz": {"path": "media/images/viz_63_7675e4d39f9aff6b3c2a.png", "size": 135037, "_type": "image-file", "width": 1200, "format": "png", "height": 600, "sha256": "7675e4d39f9aff6b3c2a789f0cb250f7b867784fa5a80d2e3e0ff5bef51a3341"}, "_step": 64, "D_real": 0.0032080872915685177, "_timestamp": 1658647714, "learning_rate_G": 0.00018666666666666663}