{"_runtime": 41954, "GAN": 7.050148963928223, "acc": 0.8384092450141907, "viz": {"_type": "image-file", "path": "media/images/viz_65_a7c93109fed1bed47776.png", "sha256": "a7c93109fed1bed47776a7f516469eb0ae0232ded898903dc2f76c407e475280", "size": 135044, "format": "png", "width": 1200, "height": 600}, "_step": 65, "D_Fake": 0.00016515585593879223, "D_real": 0.006977918557822704, "GAN_Feat": 0.29270920157432556, "_timestamp": 1658896928, "learning_rate_G": 0.0002}