{"GAN": 3.7501907348632812, "GAN_Feat": 0.30605876445770264, "L1": 0.056502193212509155, "D_Fake": 0.68950355052948, "D_real": 1.777859091758728, "acc": 0.7547334432601929, "viz": {"_type": "image-file", "path": "media/images/viz_4_31db531d9406c9928ba4.png", "sha256": "31db531d9406c9928ba45086c2d1cb8ff33ec426f27654fddc01d777318f299e", "size": 119671, "format": "png", "width": 1200, "height": 600}, "learning_rate_G": 0.0002, "_timestamp": 1658942847, "_runtime": 2322, "_step": 5}