{"_runtime": 10089, "_timestamp": 1658559966, "acc": 0.7185720205307007, "viz": {"_type": "image-file", "path": "media/images/viz_27_3dc47ba2b338cd946159.png", "sha256": "3dc47ba2b338cd946159f66a0b3b0dd164af49f9fe8675bd6055887288d01a56", "size": 132437, "format": "png", "width": 1200, "height": 600}, "D_real": 6.208482227521017e-05, "GAN_Feat": 0.3392333388328552, "GAN": 4.547757148742676, "_step": 28, "D_Fake": 0.0, "learning_rate_G": 0.0002}