{"GAN": 0.7726861834526062, "GAN_Feat": 0.23649372160434723, "D_Fake": 0.6868352890014648, "D_real": 0.19337952136993408, "acc": 0.7635589241981506, "viz": {"_type": "image-file", "path": "media/images/viz_34_17be0cf7898be207d5c5.png", "sha256": "17be0cf7898be207d5c5673d85275d83b96d3f41eeab0bb1f5251d526b06d98b", "size": 123245, "format": "png", "width": 1200, "height": 600}, "learning_rate_G": 5.000000000000001e-05, "_timestamp": 1658270081, "_runtime": 2640, "_step": 35}