{"GAN": 0.9032005667686462, "GAN_Feat": 0.23409685492515564, "D_Fake": 0.42862188816070557, "D_real": 0.7809842824935913, "acc": 0.7252853512763977, "viz": {"_type": "image-file", "path": "media/images/viz_39_307c65ed56c2fe54b366.png", "sha256": "307c65ed56c2fe54b366effc2d066f7573d17485d208ab666fbd0d5b427f0e99", "size": 123059, "format": "png", "width": 1200, "height": 600}, "learning_rate_G": 0.0, "_timestamp": 1658270432, "_runtime": 2991, "_step": 40, "_wandb": {"runtime": 2991}}