{"_runtime": 19044, "_timestamp": 1658647714, "D_real": 0.0032080872915685177, "GAN_Feat": 0.31602615118026733, "viz": {"_type": "image-file", "path": "media/images/viz_63_7675e4d39f9aff6b3c2a.png", "sha256": "7675e4d39f9aff6b3c2a789f0cb250f7b867784fa5a80d2e3e0ff5bef51a3341", "size": 135037, "format": "png", "width": 1200, "height": 600}, "_step": 64, "D_Fake": 0.7307651042938232, "learning_rate_G": 0.00018666666666666663, "GAN": 5.451660633087158, "acc": 0.8240957260131836}