{"GAN": 0.4993186295032501, "GAN_Feat": 0.23224397003650665, "D_Fake": 0.7021451592445374, "D_real": 1.6657183170318604, "acc": 0.7770149111747742, "viz": {"_type": "image-file", "path": "media/images/viz_39_2d4220d451bbe39ed95a.png", "sha256": "2d4220d451bbe39ed95a041739f980e90630fb40bf29dffbfbfc87c1f5656a9b", "size": 134213, "format": "png", "width": 1200, "height": 600}, "learning_rate_G": 0.0, "_timestamp": 1658338624, "_runtime": 4348, "_step": 40, "_wandb": {"runtime": 4347}}