{"GAN": 0.7224912643432617, "GAN_Feat": 0.28554031252861023, "D_Fake": 0.4627963602542877, "D_real": 0.37360844016075134, "acc": NaN, "viz": {"_type": "image-file", "path": "media/images/viz_48_5bc35ab3de19aee2496f.png", "sha256": "5bc35ab3de19aee2496f74419293a608c92a5019b2844f86b5a1164467035cca", "size": 132590, "format": "png", "width": 1200, "height": 600}, "learning_rate_G": 0.0, "_timestamp": 1658423517, "_runtime": 2209, "_step": 49}