{"GAN": 2.591179132461548, "GAN_Feat": 1.0582275390625, "D_Fake": 0.0, "D_real": 0.0, "acc": NaN, "viz": {"_type": "image-file", "path": "media/images/viz_15_066a2e4b770bb454f6be.png", "sha256": "066a2e4b770bb454f6be8190f8bfb0a784ab0cf79b8df7412e6e0aab13a693b9", "size": 32797, "format": "png", "width": 1200, "height": 600}, "learning_rate_G": 0.0002, "_timestamp": 1658256057, "_runtime": 918, "_step": 16}