{"_step": 53, "learning_rate_G": 0.0002, "GAN": 3.516641139984131, "viz": {"_type": "image-file", "path": "media/images/viz_52_bc6c585478d6fc4b4c01.png", "sha256": "bc6c585478d6fc4b4c01dacf58a1c42abefc2adcdd5a7421e32f755f00fc634a", "size": 134860, "format": "png", "width": 1200, "height": 600}, "D_real": 0.29917171597480774, "GAN_Feat": 0.2987026572227478, "_runtime": 13576, "_timestamp": 1658606490, "acc": 0.7515076994895935, "D_Fake": 0.21144059300422668}