{"acc": 0.8535707592964172, "viz": {"_type": "image-file", "path": "media/images/viz_76_e2ae738e9df5d24cb94f.png", "sha256": "e2ae738e9df5d24cb94faf1cfd69ade7f2da26fe0a00db5522a77e2d5be1636e", "size": 137427, "format": "png", "width": 1200, "height": 600}, "_step": 77, "D_real": 0.14519411325454712, "_timestamp": 1658910822, "GAN": 5.262723922729492, "D_Fake": 0.0, "GAN_Feat": 0.27565133571624756, "_runtime": 51346, "learning_rate_G": 0.0002}