{"GAN": 1.422829508781433, "GAN_Feat": 0.3286130428314209, "D_Fake": 0.5862504839897156, "D_real": 0.013442718423902988, "acc": NaN, "viz": {"_type": "image-file", "path": "media/images/viz_5_ba5e9b528997423ce554.png", "sha256": "ba5e9b528997423ce554417d623e8fd7c627ab31f617382fe9fd5c4c00cd5634", "size": 119599, "format": "png", "width": 1200, "height": 600}, "learning_rate_G": 0.0002, "_timestamp": 1658535591, "_runtime": 2802, "_step": 6}