{"acc": 0.8847571611404419, "GAN_Feat": 0.2712801992893219, "_runtime": 49006, "_timestamp": 1658906433, "learning_rate_G": 0.0002, "GAN": 2.2894389629364014, "viz": {"_type": "image-file", "path": "media/images/viz_73_fb8a819c776af0304ec5.png", "sha256": "fb8a819c776af0304ec5d71a0d9d7e3fcdea050ba245c0577a171bcda9d74e66", "size": 139754, "format": "png", "width": 1200, "height": 600}, "_step": 74, "D_Fake": 0.18474332988262177, "D_real": 0.8999756574630737}