{"GAN": 3.2386512756347656, "GAN_Feat": 0.32603299617767334, "L1": 0.05102022364735603, "D_Fake": 0.8805332183837891, "D_real": 0.1858518123626709, "acc": 0.7514926195144653, "viz": {"_type": "image-file", "path": "media/images/viz_13_9dd52fbb2b86cb34778b.png", "sha256": "9dd52fbb2b86cb34778b235509fed76b5c7913e1956ddea46d4a368f1885c997", "size": 126667, "format": "png", "width": 1200, "height": 600}, "learning_rate_G": 0.0002, "_timestamp": 1658903344, "_runtime": 6477, "_step": 14}