{"GAN": 1.7892370223999023, "GAN_Feat": 0.2919086515903473, "D_Fake": 0.004720070865005255, "D_real": 0.29003655910491943, "acc": NaN, "viz": {"_type": "image-file", "path": "media/images/viz_20_7c623d99791cd53c5f79.png", "sha256": "7c623d99791cd53c5f79e7b3a8996da3bb77d31265300920fd9dbd476c6520a1", "size": 131256, "format": "png", "width": 1200, "height": 600}, "learning_rate_G": 0.00019, "_timestamp": 1658289314, "_runtime": 5014, "_step": 21}