{"GAN": 2.232001781463623, "GAN_Feat": 0.34843283891677856, "D_Fake": 0.0407499298453331, "D_real": 0.0, "acc": 0.6544256210327148, "viz": {"_type": "image-file", "path": "media/images/viz_21_3a6c2677f5849a6627cc.png", "sha256": "3a6c2677f5849a6627ccf4d9415bf2d0ab59668e4539c3a6b293e3d2043c8856", "size": 137316, "format": "png", "width": 1200, "height": 600}, "learning_rate_G": 0.0002, "_timestamp": 1658694835, "_runtime": 10108, "_step": 22}