{"D_real": 0.2149636149406433, "GAN_Feat": 0.25643277168273926, "_runtime": 45000, "_timestamp": 1658901543, "learning_rate_G": 0.0002, "acc": 0.817179799079895, "viz": {"sha256": "cb0d2427d0e241f8a2772a77179db0d0b25ca4926677c78ea05de6b1532837a3", "path": "media/images/viz_69_cb0d2427d0e241f8a277.png", "size": 134668, "_type": "image-file", "width": 1200, "format": "png", "height": 600}, "D_Fake": 0.5594812631607056, "GAN": 2.5026793479919434, "_step": 70}