{"acc": 0.8847571611404419, "D_Fake": 0.18474332988262177, "learning_rate_G": 0.0002, "GAN_Feat": 0.2712801992893219, "_runtime": 49006, "_timestamp": 1658906433, "GAN": 2.289438962936402, "viz": {"sha256": "fb8a819c776af0304ec5d71a0d9d7e3fcdea050ba245c0577a171bcda9d74e66", "path": "media/images/viz_73_fb8a819c776af0304ec5.png", "size": 139754, "_type": "image-file", "width": 1200, "format": "png", "height": 600}, "_step": 74, "D_real": 0.8999756574630737}