{"GAN": 0.40729933977127075, "GAN_Feat": 0.1823229193687439, "D_Fake": 0.9499636888504028, "D_real": 0.5905982255935669, "acc": -0.13024118542671204, "viz": {"_type": "image-file", "path": "media/images/viz_36_6cc5b401bb20d1462fa4.png", "sha256": "6cc5b401bb20d1462fa472aec31813ab5783fd19e5e5655e1512e61408be6bbc", "size": 93316, "format": "png", "width": 1200, "height": 600}, "learning_rate_G": 3.0000000000000008e-05, "_timestamp": 1658258225, "_runtime": 1521, "_step": 37}