{"GAN": 2.8810536861419678, "GAN_Feat": 0.7971172332763672, "D_Fake": 0.0005105828167870641, "D_real": 0.00012076365965185687, "acc": NaN, "viz": {"_type": "image-file", "path": "media/images/viz_0_296baf1f02abae8d2b2a.png", "sha256": "296baf1f02abae8d2b2ab5dd50c76477c6b4afcbb49ab6a03bfdbf03f21bd816", "size": 114460, "format": "png", "width": 1200, "height": 600}, "learning_rate_G": 0.0002, "_timestamp": 1658425806, "_runtime": 502, "_step": 1}