{"GAN": 3.6428489685058594, "GAN_Feat": 0.3264458179473877, "D_Fake": 0.09944383054971695, "D_real": 4.7117628128034994e-05, "acc": 0.7351517081260681, "viz": {"_type": "image-file", "path": "media/images/viz_12_1f438c43ba0f93191acd.png", "sha256": "1f438c43ba0f93191acdffa7b859d19fada7629487f436aae70b4b1ba635c31d", "size": 132254, "format": "png", "width": 1200, "height": 600}, "learning_rate_G": 0.0002, "_timestamp": 1658539278, "_runtime": 2850, "_step": 13}