{"viz": {"size": 142876, "_type": "image-file", "width": 1200, "format": "png", "height": 600, "sha256": "fdfbacde2b602641d188bfe14943c1c0ec6b8af8d5b6a13b6480a6d03f97cc74", "path": "media/images/viz_79_fdfbacde2b602641d188.png"}, "_step": 80, "D_Fake": 0, "D_real": 0, "learning_rate_G": 0.0002, "GAN": 3.171318531036377, "GAN_Feat": 0.30969685316085815, "_runtime": 53149, "_timestamp": 1658914213, "acc": 0.8669681549072266}