{"D_real": 0.34060025215148926, "_runtime": 52688, "learning_rate_G": 0.0002, "acc": 0.8501002192497253, "viz": {"size": 142566, "_type": "image-file", "width": 1200, "format": "png", "height": 600, "sha256": "87b7e982ae13bd621aa0a469c50a7ccf415f1158d348a03954c15cfcc18ceca4", "path": "media/images/viz_78_87b7e982ae13bd621aa0.png"}, "D_Fake": 0.273574560880661, "GAN_Feat": 0.25425779819488525, "_timestamp": 1658913752, "GAN": 2.212341785430908, "_step": 79}