{"GAN": 6.529796600341797, "GAN_Feat": 0.5121467709541321, "D_Fake": 0.0, "D_real": 6.462283636210486e-05, "acc": NaN, "viz": {"_type": "image-file", "path": "media/images/viz_10_3ad7b94c8648170cb3a6.png", "sha256": "3ad7b94c8648170cb3a6c5d4a3058b9f2fec1c66899b5d96a773b25f396808c2", "size": 131129, "format": "png", "width": 1200, "height": 600}, "learning_rate_G": 0.0002, "_timestamp": 1658438538, "_runtime": 5089, "_step": 11}